[
	{
		"id": 0,
		"path": "C:/Users/Karthik Prasad/Desktop/Projects/Science of Teaching/AA-SoT-1-4-Cognitive.html"
	},
	{
		"id": 1,
		"path": "C:/Users/Karthik Prasad/Desktop/Projects/Science of Teaching/aboutus.html"
	},
	{
		"id": 2,
		"path": "C:/Users/Karthik Prasad/Desktop/Projects/Science of Teaching/commonNav.html"
	},
	{
		"id": 3,
		"path": "C:/Users/Karthik Prasad/Desktop/Projects/Science of Teaching/haikuchallenge.html"
	},
	{
		"id": 4,
		"path": "C:/Users/Karthik Prasad/Desktop/Projects/Science of Teaching/index.html"
	},
	{
		"id": 5,
		"path": "C:/Users/Karthik Prasad/Desktop/Projects/Science of Teaching/pageADHD.html"
	},
	{
		"id": 6,
		"path": "C:/Users/Karthik Prasad/Desktop/Projects/Science of Teaching/pageAmbiguity.html"
	},
	{
		"id": 7,
		"path": "C:/Users/Karthik Prasad/Desktop/Projects/Science of Teaching/pageChoice.html"
	},
	{
		"id": 8,
		"path": "C:/Users/Karthik Prasad/Desktop/Projects/Science of Teaching/pageComprehension.html"
	},
	{
		"id": 9,
		"path": "C:/Users/Karthik Prasad/Desktop/Projects/Science of Teaching/pageComprehension_jp.html"
	},
	{
		"id": 10,
		"path": "C:/Users/Karthik Prasad/Desktop/Projects/Science of Teaching/pageConflictResolution.html"
	},
	{
		"id": 11,
		"path": "C:/Users/Karthik Prasad/Desktop/Projects/Science of Teaching/pageCoopStatus.html"
	},
	{
		"id": 12,
		"path": "C:/Users/Karthik Prasad/Desktop/Projects/Science of Teaching/pageCourse.html"
	},
	{
		"id": 13,
		"path": "C:/Users/Karthik Prasad/Desktop/Projects/Science of Teaching/pageCovidCoop.html"
	},
	{
		"id": 14,
		"path": "C:/Users/Karthik Prasad/Desktop/Projects/Science of Teaching/pageCrossingLine.html"
	},
	{
		"id": 15,
		"path": "C:/Users/Karthik Prasad/Desktop/Projects/Science of Teaching/pageDosDonts.html"
	},
	{
		"id": 16,
		"path": "C:/Users/Karthik Prasad/Desktop/Projects/Science of Teaching/pageEvalsAndFeedback.html"
	},
	{
		"id": 17,
		"path": "C:/Users/Karthik Prasad/Desktop/Projects/Science of Teaching/pageExtra.html"
	},
	{
		"id": 18,
		"path": "C:/Users/Karthik Prasad/Desktop/Projects/Science of Teaching/pageFulltimeVCoop.html"
	},
	{
		"id": 19,
		"path": "C:/Users/Karthik Prasad/Desktop/Projects/Science of Teaching/pageHS.html"
	},
	{
		"id": 20,
		"path": "C:/Users/Karthik Prasad/Desktop/Projects/Science of Teaching/pageHS_jp2.html"
	},
	{
		"id": 21,
		"path": "C:/Users/Karthik Prasad/Desktop/Projects/Science of Teaching/pageInterviewQuestions.html"
	},
	{
		"id": 22,
		"path": "C:/Users/Karthik Prasad/Desktop/Projects/Science of Teaching/pageInterviews.html"
	},
	{
		"id": 23,
		"path": "C:/Users/Karthik Prasad/Desktop/Projects/Science of Teaching/pageJobBehavior.html"
	},
	{
		"id": 24,
		"path": "C:/Users/Karthik Prasad/Desktop/Projects/Science of Teaching/pageJobHunting.html"
	},
	{
		"id": 25,
		"path": "C:/Users/Karthik Prasad/Desktop/Projects/Science of Teaching/pageLifetimeLearning.html"
	},
	{
		"id": 26,
		"path": "C:/Users/Karthik Prasad/Desktop/Projects/Science of Teaching/pageLifetimeLearning_jp.html"
	},
	{
		"id": 27,
		"path": "C:/Users/Karthik Prasad/Desktop/Projects/Science of Teaching/pageListening.html"
	},
	{
		"id": 28,
		"path": "C:/Users/Karthik Prasad/Desktop/Projects/Science of Teaching/pageListening_jp.html"
	},
	{
		"id": 29,
		"path": "C:/Users/Karthik Prasad/Desktop/Projects/Science of Teaching/pageLists.html"
	},
	{
		"id": 30,
		"path": "C:/Users/Karthik Prasad/Desktop/Projects/Science of Teaching/pageMeetings.html"
	},
	{
		"id": 31,
		"path": "C:/Users/Karthik Prasad/Desktop/Projects/Science of Teaching/pageMentalHealth.html"
	},
	{
		"id": 32,
		"path": "C:/Users/Karthik Prasad/Desktop/Projects/Science of Teaching/pageMentorship.html"
	},
	{
		"id": 33,
		"path": "C:/Users/Karthik Prasad/Desktop/Projects/Science of Teaching/pageMistakes.html"
	},
	{
		"id": 34,
		"path": "C:/Users/Karthik Prasad/Desktop/Projects/Science of Teaching/pageMistakes_jp.html"
	},
	{
		"id": 35,
		"path": "C:/Users/Karthik Prasad/Desktop/Projects/Science of Teaching/pageNotes.html"
	},
	{
		"id": 36,
		"path": "C:/Users/Karthik Prasad/Desktop/Projects/Science of Teaching/pageNotes_jp.html"
	},
	{
		"id": 37,
		"path": "C:/Users/Karthik Prasad/Desktop/Projects/Science of Teaching/pageOnlineAsynch.html"
	},
	{
		"id": 38,
		"path": "C:/Users/Karthik Prasad/Desktop/Projects/Science of Teaching/pageOnlineBestPractice.html"
	},
	{
		"id": 39,
		"path": "C:/Users/Karthik Prasad/Desktop/Projects/Science of Teaching/pageOnlineOverview.html"
	},
	{
		"id": 40,
		"path": "C:/Users/Karthik Prasad/Desktop/Projects/Science of Teaching/pageOnlineStudentAdvice.html"
	},
	{
		"id": 41,
		"path": "C:/Users/Karthik Prasad/Desktop/Projects/Science of Teaching/pageOnlineSynch.html"
	},
	{
		"id": 42,
		"path": "C:/Users/Karthik Prasad/Desktop/Projects/Science of Teaching/pageProblemSolving.html"
	},
	{
		"id": 43,
		"path": "C:/Users/Karthik Prasad/Desktop/Projects/Science of Teaching/pageProblemSolving_jp.html"
	},
	{
		"id": 44,
		"path": "C:/Users/Karthik Prasad/Desktop/Projects/Science of Teaching/pageProcrastination.html"
	},
	{
		"id": 45,
		"path": "C:/Users/Karthik Prasad/Desktop/Projects/Science of Teaching/pageProfessionalCommunication.html"
	},
	{
		"id": 46,
		"path": "C:/Users/Karthik Prasad/Desktop/Projects/Science of Teaching/pageProfessionalStudent.html"
	},
	{
		"id": 47,
		"path": "C:/Users/Karthik Prasad/Desktop/Projects/Science of Teaching/pageQuestion.html"
	},
	{
		"id": 48,
		"path": "C:/Users/Karthik Prasad/Desktop/Projects/Science of Teaching/pageReadingProfessional.html"
	},
	{
		"id": 49,
		"path": "C:/Users/Karthik Prasad/Desktop/Projects/Science of Teaching/pageReadingProfessional_jp.html"
	},
	{
		"id": 50,
		"path": "C:/Users/Karthik Prasad/Desktop/Projects/Science of Teaching/pageReflections.html"
	},
	{
		"id": 51,
		"path": "C:/Users/Karthik Prasad/Desktop/Projects/Science of Teaching/pageReflections_jp.html"
	},
	{
		"id": 52,
		"path": "C:/Users/Karthik Prasad/Desktop/Projects/Science of Teaching/pageResume.html"
	},
	{
		"id": 53,
		"path": "C:/Users/Karthik Prasad/Desktop/Projects/Science of Teaching/pageSkills.html"
	},
	{
		"id": 54,
		"path": "C:/Users/Karthik Prasad/Desktop/Projects/Science of Teaching/pageSkills_jp.html"
	},
	{
		"id": 55,
		"path": "C:/Users/Karthik Prasad/Desktop/Projects/Science of Teaching/pageStudyExam.html"
	},
	{
		"id": 56,
		"path": "C:/Users/Karthik Prasad/Desktop/Projects/Science of Teaching/pageSuccess.html"
	},
	{
		"id": 57,
		"path": "C:/Users/Karthik Prasad/Desktop/Projects/Science of Teaching/pageSummerJobs.html"
	},
	{
		"id": 58,
		"path": "C:/Users/Karthik Prasad/Desktop/Projects/Science of Teaching/pageSummerVCoop.html"
	},
	{
		"id": 59,
		"path": "C:/Users/Karthik Prasad/Desktop/Projects/Science of Teaching/pageSurvivalGuide.html"
	},
	{
		"id": 60,
		"path": "C:/Users/Karthik Prasad/Desktop/Projects/Science of Teaching/pageSurvivalGuide_jp.html"
	},
	{
		"id": 61,
		"path": "C:/Users/Karthik Prasad/Desktop/Projects/Science of Teaching/pageTeamwork.html"
	},
	{
		"id": 62,
		"path": "C:/Users/Karthik Prasad/Desktop/Projects/Science of Teaching/pageTechProjects.html"
	},
	{
		"id": 63,
		"path": "C:/Users/Karthik Prasad/Desktop/Projects/Science of Teaching/pageTopics.html"
	},
	{
		"id": 64,
		"path": "C:/Users/Karthik Prasad/Desktop/Projects/Science of Teaching/pageToughLove.html"
	},
	{
		"id": 65,
		"path": "C:/Users/Karthik Prasad/Desktop/Projects/Science of Teaching/pageUnstuck.html"
	},
	{
		"id": 66,
		"path": "C:/Users/Karthik Prasad/Desktop/Projects/Science of Teaching/pageUnstuck_jp.html"
	},
	{
		"id": 67,
		"path": "C:/Users/Karthik Prasad/Desktop/Projects/Science of Teaching/pageWorkExpectations.html"
	},
	{
		"id": 68,
		"path": "C:/Users/Karthik Prasad/Desktop/Projects/Science of Teaching/pageWritingTests.html"
	}
]